{"labels": [1, 1, 1, 1, 1, 0, 0, 1, 1, 1, 1, 1, 1, 1, 1, 1, 0, 1, 1, 1, 1, 1, 1, 1, 1, 1, 1, 1, 1, 1, 1, 0, 1, 1, 1, 1, 1, 1, 1, 1, 1, 1, 1, 1, 1, 1, 1, 0, 0, 1, 1, 0, 1, 1, 1, 0, 1, 1, 0, 0, 1, 0, 0, 1, 1, 0, 0, 1, 1, 1, 0, 1, 1, 1, 1, 1, 1, 1, 1, 1, 1, 0, 1, 0, 1, 1, 0, 0, 1, 0, 1, 1, 1, 1, 0, 0, 1, 1, 1, 1], "scores": [0.8508809804916382, 0.8446381092071533, 0.8435425758361816, 0.8233542442321777, 0.8061354160308838, 0.7951554656028748, 0.7819745540618896, 0.7769790887832642, 0.7649475932121277, 0.755786657333374, 0.7501866221427917, 0.7487342357635498, 0.6750221252441406, 0.6732311248779297, 0.6508802175521851, 0.6409074068069458, 0.6024699807167053, 0.5753167271614075, 0.5068759322166443, 0.5060319900512695, 0.4970170557498932, 0.483165442943573, 0.4594769775867462, 0.424838125705719, 0.4207605719566345, 0.4123384356498718, 0.4055439531803131, 0.3836541473865509, 0.37590959668159485, 0.37577736377716064, 0.3576352000236511, 0.3551066815853119, 0.3484755754470825, 0.32571667432785034, 0.32546961307525635, 0.32335469126701355, 0.322314590215683, 0.3161343038082123, 0.31586629152297974, 0.310787558555603, 0.3097583055496216, 0.3026474118232727, 0.30001699924468994, 0.29992079734802246, 0.2966446280479431, 0.2947271466255188, 0.2942953407764435, 0.2940620481967926, 0.2914406359195709, 0.27885961532592773, 0.2779065668582916, 0.27788254618644714, 0.2773861587047577, 0.2768181264400482, 0.27283531427383423, 0.2710365951061249, 0.26887741684913635, 0.2680806517601013, 0.2669021785259247, 0.2664085626602173, 0.26605215668678284, 0.2586075961589813, 0.2577628493309021, 0.2571001946926117, 0.25533992052078247, 0.2535710036754608, 0.2528585195541382, 0.2517875134944916, 0.2510695457458496, 0.25050196051597595, 0.24973507225513458, 0.2478821724653244, 0.2477475255727768, 0.2470385730266571, 0.24666880071163177, 0.24418021738529205, 0.24408335983753204, 0.24303779006004333, 0.23846352100372314, 0.237531378865242, 0.237001433968544, 0.23475265502929688, 0.23333697021007538, 0.233278289437294, 0.23245158791542053, 0.23022963106632233, 0.22937366366386414, 0.22827240824699402, 0.226599782705307, 0.22652044892311096, 0.22564798593521118, 0.22439323365688324, 0.22426533699035645, 0.22353406250476837, 0.22269174456596375, 0.22250813245773315, 0.2219599038362503, 0.22180765867233276, 0.2200893610715866, 0.2192925363779068], "bboxes": [[295.473388671875, 116.36730194091797, 378.67425537109375, 149.4792938232422], [191.2160186767578, 109.25930786132812, 298.2710266113281, 154.9647674560547], [376.6121826171875, 110.50657653808594, 432.6231689453125, 133.51283264160156], [0.4777113199234009, 112.06290435791016, 61.998233795166016, 145.0970916748047], [481.1073303222656, 110.34069061279297, 522.9435424804688, 129.85377502441406], [221.8839569091797, 176.9662322998047, 454.9092712402344, 383.5295715332031], [373.19146728515625, 133.93911743164062, 432.9444885253906, 187.8897247314453], [555.430419921875, 109.7992172241211, 594.098388671875, 127.41832733154297], [266.7079772949219, 105.07279205322266, 326.84259033203125, 128.05809020996094], [431.0417785644531, 105.06159210205078, 483.65911865234375, 131.8367156982422], [592.0457153320312, 109.99472045898438, 620.2833862304688, 126.1004409790039], [609.750244140625, 111.44213104248047, 635.968505859375, 137.15025329589844], [138.739990234375, 96.02316284179688, 166.2523193359375, 105.26458740234375], [99.16143798828125, 89.83175659179688, 119.13470458984375, 101.149658203125], [60.22536087036133, 93.80928802490234, 86.27132415771484, 106.39981842041016], [168.2757568359375, 109.00957489013672, 216.57855224609375, 139.7882537841797], [51.64692306518555, 110.07173156738281, 71.88036346435547, 120.53211212158203], [82.73928833007812, 88.9610824584961, 98.89058685302734, 98.08470916748047], [68.4963607788086, 88.66338348388672, 83.02340698242188, 97.31232452392578], [167.88497924804688, 106.84288024902344, 243.82933044433594, 139.61085510253906], [169.14114379882812, 97.1583480834961, 182.79977416992188, 105.48104095458984], [222.30271911621094, 97.20883178710938, 251.46890258789062, 108.09334564208984], [37.94071960449219, 89.10969543457031, 86.02130126953125, 105.84976959228516], [614.6085815429688, 101.7347640991211, 636.3263549804688, 112.69972229003906], [134.06394958496094, 90.4669418334961, 150.863037109375, 101.84315490722656], [555.349853515625, 110.58592987060547, 578.79931640625, 127.00926208496094], [554.8545532226562, 100.8030014038086, 560.9400634765625, 111.10547637939453], [36.225894927978516, 87.06965637207031, 48.6257438659668, 96.97666931152344], [609.3492431640625, 112.97857666015625, 624.9529418945312, 124.63394927978516], [135.00949096679688, 93.14399719238281, 152.52874755859375, 104.76933288574219], [365.7245788574219, 97.86241149902344, 378.9823913574219, 111.33186340332031], [37.478485107421875, 98.2029037475586, 71.82342529296875, 120.84403228759766], [398.4336242675781, 110.6629638671875, 433.25103759765625, 133.1829071044922], [542.6494140625, 113.9454116821289, 561.4716796875, 126.59304809570312], [36.75608444213867, 86.92142486572266, 85.45936584472656, 100.9757080078125], [199.5013427734375, 90.25609588623047, 225.91714477539062, 108.12928771972656], [140.2049560546875, 95.87319946289062, 183.18911743164062, 105.6263656616211], [361.44500732421875, 96.82759857177734, 369.4987487792969, 119.91277313232422], [569.8360595703125, 109.80084991455078, 593.4567260742188, 126.93962097167969], [167.54344177246094, 104.0384750366211, 293.5297546386719, 140.4113006591797], [591.06787109375, 111.23748016357422, 610.1996459960938, 125.93421936035156], [554.5357055664062, 100.04244995117188, 578.8126831054688, 110.41731262207031], [222.2169952392578, 90.48135375976562, 255.26560974121094, 107.80045318603516], [406.287841796875, 99.45470428466797, 437.36492919921875, 107.64892578125], [228.85171508789062, 98.3508529663086, 253.9679412841797, 109.578857421875], [360.19415283203125, 94.7652587890625, 376.6546936035156, 112.29672241210938], [76.07221984863281, 89.32149505615234, 167.21527099609375, 102.08177947998047], [60.09262466430664, 93.765625, 86.36282348632812, 106.45616912841797], [46.50871658325195, 103.04178619384766, 72.22344207763672, 120.765625], [34.274295806884766, 86.95223236083984, 209.99977111816406, 106.48291778564453], [203.5250701904297, 94.77127075195312, 251.1682586669922, 108.47508239746094], [373.3271789550781, 157.52700805664062, 431.7953796386719, 187.2967987060547], [266.550048828125, 105.84410095214844, 300.6200256347656, 121.75406646728516], [82.99089813232422, 88.37431335449219, 118.59434509277344, 100.96529388427734], [64.58753204345703, 87.32170867919922, 273.5182800292969, 108.27792358398438], [138.739990234375, 96.02316284179688, 166.2523193359375, 105.26458740234375], [132.98269653320312, 90.71820831298828, 143.88397216796875, 100.30364990234375], [377.6918029785156, 110.99139404296875, 412.1337585449219, 133.0779571533203], [0.552841067314148, 111.88470458984375, 61.88116455078125, 145.36570739746094], [169.14114379882812, 97.1583480834961, 182.79977416992188, 105.48104095458984], [182.59408569335938, 91.76190185546875, 223.90518188476562, 109.54329681396484], [609.7734375, 111.50299072265625, 635.9863891601562, 137.07334899902344], [92.00708770751953, 106.66792297363281, 106.1711654663086, 120.42131805419922], [548.9994506835938, 100.37159729003906, 560.92822265625, 111.46761322021484], [611.8452758789062, 102.83683013916016, 636.0498657226562, 123.3976058959961], [295.6957092285156, 116.39273834228516, 378.3100280761719, 149.6366729736328], [222.30271911621094, 97.20883178710938, 251.46890258789062, 108.09334564208984], [631.3190307617188, 98.46916961669922, 639.1049194335938, 139.12030029296875], [431.42645263671875, 105.90192413330078, 462.12420654296875, 131.18569946289062], [553.6882934570312, 105.18832397460938, 636.1145629882812, 131.07437133789062], [243.83718872070312, 115.95305633544922, 254.0367889404297, 125.93047332763672], [554.929443359375, 