{"FasterRCNN_ResNet50_FPN_COCO": 0.0001584489073138684, "FasterRCNN_ResNet50_FPN_VOC": 7.876136078266427e-05}